{"initial_reset_timestamp": 1588351278.9894497, "timestamps": [1588351284.4052527], "episode_lengths": [1548], "episode_rewards": [21.0], "episode_types": ["t"]}
